epoch,batch_size,embedding_dim,hidden_dim,activate_func,optimizer,learning_rate,l2_regular,dropout_rate,accuracy,precision,recall,f1
100,64,100,100,tanh,sgd,0.1,0,0.0,0.7079439252336449,0.5595346814524896,0.5401089886323684,0.5392022600621862
200,64,100,100,tanh,sgd,0.1,0,0.0,0.7102803738317757,0.5527073732718895,0.5321692253603656,0.5279467748247767
300,64,100,100,tanh,sgd,0.1,0,0.0,0.6915887850467289,0.5363562091503268,0.5260752373139576,0.5239154616240266
