epoch,batch_size,embedding_dim,hidden_dim,activate_func,optimizer,learning_rate,l2_regular,dropout_rate,accuracy,precision,recall,f1
100,64,100,100,tanh,sgd,0.1,0,0.0,0.7523364485981309,0.37616822429906543,0.5,0.4293333333333333
200,64,100,100,tanh,sgd,0.1,0,0.0,0.7523364485981309,0.37616822429906543,0.5,0.4293333333333333
300,64,100,100,tanh,sgd,0.1,0,0.0,0.7523364485981309,0.37616822429906543,0.5,0.42933333333333334
