epoch,batch_size,embedding_dim,hidden_dim,activate_func,optimizer,learning_rate,l2_regular,dropout_rate,accuracy,precision,recall,f1,auc
200,64,200,100,tanh,adam,0.1,0.0,0.0,0.8792786161207213,0.0,0.0,0.0,0.5
300,64,200,100,tanh,adam,0.1,0.0,0.0,0.8792786161207213,0.0,0.0,0.0,0.5
400,64,200,100,tanh,adam,0.1,0.0,0.0,0.8792786161207213,0.0,0.0,0.0,0.5
200,64,200,100,tanh,adam,0.1,0.001,0.0,0.12108943687891055,0.12076583210603828,1.0,0.21550591327201046,0.5002092925910423
300,64,200,100,tanh,adam,0.1,0.001,0.0,0.1207213838792786,0.1207213838792786,1.0,0.21543513957307064,0.5
200,64,200,100,tanh,adam,0.001,0.0,0.0,0.9514170040485831,0.80625,0.7865853658536586,0.7962962962962963,0.8803165422822081
300,64,200,100,tanh,adam,0.001,0.0,0.0,0.9488406330511594,0.7907692307692308,0.7835365853658537,0.7871362940275651,0.8775363964920521
