epoch,batch_size,embedding_dim,hidden_dim,activate_func,optimizer,learning_rate,l2_regular,dropout_rate,accuracy,precision,recall,f1,auc
200,64,200,100,tanh,adam,0.1,0.0,0.0,0.8792786161207213,0.0,0.0,0.0,0.5
300,64,200,100,tanh,adam,0.1,0.0,0.0,0.8792786161207213,0.0,0.0,0.0,0.5
400,64,200,100,tanh,adam,0.1,0.0,0.0,0.8792786161207213,0.0,0.0,0.0,0.5
200,64,200,100,tanh,adam,0.1,0.001,0.0,0.8792786161207213,0.0,0.0,0.0,0.5
300,64,200,100,tanh,adam,0.1,0.001,0.0,0.8792786161207213,0.0,0.0,0.0,0.5
200,64,200,100,tanh,adam,0.001,0.0,0.0,0.957305852042694,0.8486842105263158,0.7865853658536586,0.8164556962025317,0.8836652237388847
300,64,200,100,tanh,adam,0.001,0.0,0.0,0.9532572690467427,0.8150470219435737,0.7926829268292683,0.80370942812983,0.8839932005431398
