epoch,batch_size,embedding_dim,hidden_dim,activate_func,optimizer,learning_rate,l2_regular,dropout_rate,accuracy,precision,recall,f1,auc
200,64,200,100,tanh,adam,0.1,0.0,0.0,0.9186602870813396,0.6754098360655738,0.6280487804878049,0.65086887835703,0.793304423730717
300,64,200,100,tanh,adam,0.1,0.0,0.0,0.8432094221567906,0.4012096774193548,0.6067073170731707,0.4830097087378641,0.7411937589970291
200,64,200,100,tanh,adam,0.1,0.001,0.0,0.94516010305484,0.8683127572016461,0.6432926829268293,0.7390542907180385,0.8149489785500618
250,64,200,100,tanh,adam,0.1,0.0,0.0,0.7125506072874493,0.20622568093385213,0.4847560975609756,0.2893539581437671,0.6142909830626142
